{
  "providers": {
    "awscloudformation": {
      "AuthRoleName": "amplify-chattyangular-dev-181804-authRole",
      "UnauthRoleArn": "arn:aws:iam::654371545578:role/amplify-chattyangular-dev-181804-unauthRole",
      "AuthRoleArn": "arn:aws:iam::654371545578:role/amplify-chattyangular-dev-181804-authRole",
      "Region": "us-west-2",
      "DeploymentBucketName": "amplify-chattyangular-dev-181804-deployment",
      "UnauthRoleName": "amplify-chattyangular-dev-181804-unauthRole",
      "StackName": "amplify-chattyangular-dev-181804",
      "StackId": "arn:aws:cloudformation:us-west-2:654371545578:stack/amplify-chattyangular-dev-181804/466f8340-cf96-11ec-b32f-0af5af83b707",
      "AmplifyAppId": "d3iy5j10dos7fp"
    }
  },
  "auth": {
    "chattyangular805626e7": {
      "service": "Cognito",
      "providerPlugin": "awscloudformation",
      "dependsOn": [],
      "customAuth": false,
      "frontendAuthConfig": {
        "socialProviders": [],
        "usernameAttributes": [
          "EMAIL"
        ],
        "signupAttributes": [
          "EMAIL"
        ],
        "passwordProtectionSettings": {
          "passwordPolicyMinLength": 8,
          "passwordPolicyCharacters": []
        },
        "mfaConfiguration": "OFF",
        "mfaTypes": [
          "SMS"
        ],
        "verificationMechanisms": [
          "EMAIL"
        ]
      },
      "output": {
        "UserPoolId": "us-west-2_i3e2ndMMM",
        "AppClientIDWeb": "132ok16qliv6e122sts6v8s07n",
        "AppClientID": "20qnssj74b9527ecmouoqnism8",
        "IdentityPoolId": "us-west-2:cb440765-073d-4082-940f-5ea3bedc71b2",
        "UserPoolArn": "arn:aws:cognito-idp:us-west-2:654371545578:userpool/us-west-2_i3e2ndMMM",
        "IdentityPoolName": "chattyangular805626e7_identitypool_805626e7__dev",
        "UserPoolName": "chattyangular805626e7_userpool_805626e7"
      },
      "lastPushTimeStamp": "2022-05-09T15:13:25.548Z",
      "providerMetadata": {
        "s3TemplateURL": "https://s3.amazonaws.com/amplify-chattyangular-dev-181804-deployment/amplify-cfn-templates/auth/chattyangular805626e7-cloudformation-template.json",
        "logicalId": "authchattyangular805626e7"
      }
    }
  },
  "api": {
    "chattyangular": {
      "service": "AppSync",
      "providerPlugin": "awscloudformation",
      "dependsOn": [],
      "output": {
        "authConfig": {
          "defaultAuthentication": {
            "authenticationType": "API_KEY",
            "apiKeyConfig": {
              "apiKeyExpirationDays": 30,
              "description": "api key description"
            }
          },
          "additionalAuthenticationProviders": [
            {
              "authenticationType": "AWS_IAM"
            }
          ]
        },
        "GraphQLAPIIdOutput": "xm3dvgxoljaqbltnqsntzv5r5i",
        "GraphQLAPIEndpointOutput": "https://2w7jqwdnzzbejosex3jyepyxbm.appsync-api.us-west-2.amazonaws.com/graphql",
        "GraphQLAPIKeyOutput": "da2-3ag56xrbcrhwfdshfaoo62iq5m"
      },
      "lastPushTimeStamp": "2022-05-09T15:13:31.215Z",
      "providerMetadata": {
        "s3TemplateURL": "https://s3.amazonaws.com/amplify-chattyangular-dev-181804-deployment/amplify-cfn-templates/api/cloudformation-template.json",
        "logicalId": "apichattyangular"
      },
      "lastPushDirHash": "X2DdxAzXnkqQtcocVSemQftmbzE="
    }
  }
}