{
  "version": 1,
  "serviceConfiguration": {
    "apiName": "chattyangular",
    "serviceName": "AppSync",
    "gqlSchemaPath": "D:\\angular\\chattyangular\\amplify\\backend\\api\\chattyangular\\schema.graphql",
    "defaultAuthType": {
      "mode": "API_KEY",
      "keyDescription": "api key description",
      "expirationTime": 30
    },
    "conflictResolution": {
      "defaultResolutionStrategy": {
        "type": "OPTIMISTIC_CONCURRENCY"
      }
    },
    "additionalAuthTypes": [
      {
        "mode": "AWS_IAM"
      }
    ]
  }
}